P000,P000
P001,P001
P002,P002
P003,P003
P004,P004
P005,P005
P006,P006
P007,P007
P008,P008
P009,P009
P010,P010
P011,P011
P012,P012
P013,P013
P014,P014
P015,P015
P100,P100
P101,P101
P102,P102
P103,P103
P104,P104
P105,P105
P106,P106
P107,P107
P108,P108
P109,P109
P110,P110
P111,P111
P112,P112
P113,P113
P114,P114
P115,P115
P200,P200
P201,P201
P206,P206
P207,P207
P208,P208
P209,P209
P210,P210
P211,P211
P212,P212
P213,P213
P214,P214
P215,P215
P300,P300
P301,P301
P302,P302
P303,P303
P304,P304
P305,P305
P306,P306
P307,P307
P308,P308
P309,P309
P310,P310
P311,P311
P312,P312
P400,P400
P401,P401
P402,P402
P403,P403
P404,P404
P405,P405
P406,P406
P407,P407
P408,P408
P409,P409
P410,P410
P411,P411
P412,P412
P413,P413
P414,P414
P415,P415
P500,P500
P501,P501
P502,P502
P503,P503
P504,P504
P505,P505
P506,P506
P507,P507
P508,P508
P509,P509
P510,P510
P511,P511
P512,P512
P513,P513
P514,P514
P515,P515
P600,P600
P601,P601
P602,P602
P603,P603
P604,P604
P605,P605
P606,P606
P607,P607
P608,P608
P609,P609
P610,P610
P611,P611
P612,P612
P613,P613
P614,P614
P615,P615
P700,P700
P701,P701
P702,P702
P703,P703
P704,P704
P705,P705
P706,P706
P707,P707
P708,P708
P709,P709
P710,P710
P711,P711
P712,P712
P713,P713
P714,P714
P800,P800
P801,P801
P802,P802
P803,P803
P804,P804
P805,P805
P806,P806
P807,P807
P808,P808
P809,P809
P810,P810
P811,P811
P812,P812
P813,P813
P814,P814
P815,P815
P902,P902
P903,P903
P904,P904
P905,P905
P906,P906
P907,P907
P908,P908
P909,P909
P910,P910
P911,P911
P912,P912
P913,P913
P914,P914
P915,P915
PA01,PA01
PA02,PA02
PA03,PA03
PA04,PA04
PA05,PA05
PA06,PA06
PA07,PA07
PA08,PA08
PA09,PA09
PA10,PA10
PA11,PA11
PA12,PA12
PA13,PA13
PA14,PA14
PA15,PA15
PB00,PB00
PB01,PB01
PB02,PB02
PB03,PB03
PB04,PB04
PB05,PB05
PB06,PB06
PB07,PB07
PC00,PC00
PC01,PC01
PC02,PC02
PC03,PC03
PC04,PC04
PC05,PC05
PC06,PC06
PC07,PC07
PC08,PC08
PC09,PC09
PC10,PC10
PC11,PC11
PC12,PC12
PC13,PC13
PC14,PC14
PC15,PC15
PD00,PD00
PD01,PD01
PD02,PD02
PD03,PD03
PD04,PD04
PD05,PD05
PD06,PD06
PD07,PD07
